,x0_1,x0_2,t,v_1,v_2,A_11,A_12,A_21,A_22,L_1,L_2,cost_g_grater_then_cost
0,0.0007630828937395717,0.007799187922401146,139,0.738818338720325,0.05827368327654625,0.08939368276989912,0.9456896097834101,0.25996969381094226,0.6061281673480748,36.88978638283855,45.62972593133249,1.0
1,0.004384092314408935,0.0072346517783094125,111,0.6747781952137193,0.8142482445937638,0.4705863213699413,0.5119447025861728,0.21398675799544464,0.35877618048812865,55.62913264560253,6.963959169169565,-1.0
2,0.009779895119966027,0.005384958704104337,123,0.7925212091289544,0.4386013819580289,0.2823791562776541,0.6157219384184988,0.42232839867973415,0.5916138681354238,55.0393086349376,95.85323358776272,-1.0
3,0.005011204636599379,0.0007205113335976154,125,0.8227704352972897,0.5470766838896385,0.5366616269884411,0.6659945095025858,0.9755235598889096,0.5335203087723649,75.16971362795447,70.33994279743887,1.0
4,0.0026843898010187116,0.0049988250082555995,141,0.18672508874890625,0.28573683900488145,0.5464535019389186,0.6140468383857707,0.5474326316670325,0.41129379377029507,51.52216737722542,88.43534023348717,-1.0
5,0.0067922999612094045,0.008037390361043754,108,0.5927359584108365,0.5524748034368855,0.24600386680570963,0.5364066552074148,0.246050018606233,0.6594611305586169,9.090125671404659,77.74578349976777,1.0
6,0.003809411331485384,0.0006593634690590511,100,0.802168272095533,0.7148934825586795,0.8863370505721601,0.8001231639316233,0.7864177527141966,0.21321394289208806,71.32700259909416,37.83084123147981,-1.0
7,0.0028814559930799353,0.009095935277196137,125,0.2130601496623663,0.3973863306984621,0.03361978839691859,0.20374737915471375,0.5702065486634189,0.12484401666846223,49.05348080892418,15.19923906100682,-1.0
8,0.002133853535799155,0.004521239618176831,117,0.7780741808327621,0.4581181275815358,0.10017629215564705,0.9978479887068887,0.3543501385222706,0.06359397220865048,0.6239285950786821,33.57581082863642,1.0
9,0.009312060196890216,0.00024899227550348013,114,0.2250302589628671,0.9370947669703432,0.5115041530737955,0.6974326495201748,0.46025756998737344,0.13136772149516185,33.80882385164943,52.05183793060234,1.0
10,0.006005489174641225,0.009501295004136457,138,0.4490755944719781,0.30872692752100683,0.5148373485455939,0.06909023817875082,0.7304196764385137,0.9390459208781737,34.586894137658916,88.93391113274221,1.0
11,0.002303028790209648,0.0054848991923603044,134,0.5112582706328985,0.3009183586357891,0.041924778554946585,0.5705131247018455,0.8308610128292928,0.640561431449654,14.431525472641615,82.39149225304286,1.0
12,0.009091283748867312,0.0013316944575925017,104,0.27038375972565754,0.6615317883985666,0.14909092173346372,0.06816011791955401,0.4574800695313519,0.048261148489292416,54.43139603898979,22.123435931557623,-1.0
13,0.0052341258067376585,0.007504098591020348,127,0.795233308561146,0.40883173663850536,0.8368186570297778,0.5163064744692527,0.31676478597765434,0.7709035556918873,87.60425497895375,55.30711839146567,1.0
14,0.006690132408839138,0.004677528597449807,139,0.16094016575767944,0.47579538789023323,0.21453136882198154,0.5138254278283197,0.5061617204352015,0.10401052539562616,9.66219964073961,86.66429103872323,-1.0
15,0.0020484909029779507,0.004907658890910704,145,0.40160074223283315,0.4357112991570824,0.8009294344888924,0.698625096607278,0.19899359981308906,0.43085267012383544,27.24611174067858,57.15852017744025,1.0
16,0.0037238468938505897,0.004774011548515884,100,0.23987599602631848,0.7695973691264705,0.30931907967350325,0.9373472775395838,0.6678211618943217,0.9443394079666625,67.89031834947184,74.39949826508112,-1.0
17,0.00365890385780593,0.008379179943092606,140,0.20222761054009575,0.03864652494159326,0.7667279392078927,0.7916226636623189,0.31020031397718084,0.8487132363244002,71.65795666531018,83.158071711502,-1.0
18,0.007686475065195093,0.0031399467721266216,102,0.700113631258398,0.7425011397753991,0.33477655201596823,0.8269785396753415,0.7098333016958183,0.5095790925577796,77.05121418791178,18.86801399295326,-1.0
19,0.00572625332643954,0.002760490483306951,134,0.23875935596294073,0.17340592026881518,0.17033741017672765,0.6008672248927674,0.6245089294855439,0.6855544806855605,55.71054876555452,49.372517850189,1.0
20,0.004528429325464004,0.003529783659443947,129,0.5805312794062282,0.9196304342503806,0.06632587907729826,0.24957171859217808,0.5609493027050729,0.8524766398396647,13.32430830234883,43.33099809690432,-1.0
21,0.006573994627797583,0.003703510829880352,147,0.2539832972118542,0.540004196196715,0.23250107438845968,0.8970223525821365,0.9751622790107172,0.08893787318567092,77.67007233252926,44.4545957987142,1.0
22,0.004590929778914315,0.0071932412250904154,131,0.264378219771658,0.7416477811960255,0.7240562542086213,0.397500185467893,0.13789810560915094,0.22252005056708724,39.21130957697838,47.631379247350125,1.0
23,0.004129918291138346,0.009064232691643387,103,0.46709639060336605,0.37895634901511954,0.36137992001834873,0.017917063063458194,0.6945667799404125,0.45366621124164497,56.49442766160689,76.49098777834953,-1.0
24,0.001804516192026816,0.007411188729132643,133,0.6561405758081706,0.5314195407240352,0.34596672494012026,0.867647881246636,0.9663654462530474,0.4583177481027433,85.32681212893858,28.904189247743606,1.0
25,0.004223740436431403,0.004264535726849423,112,0.20114935086895502,0.416212242495802,0.31075741090698117,0.6032253784852442,0.4055320163915461,0.8915978697473795,26.366097134102308,31.60154464410304,-1.0
26,0.0063437986863383875,0.0052290620102834525,141,0.956493507916226,0.8011352140683646,0.2884049869033769,0.12809232005496707,0.01506179975052746,0.17032349470649644,86.51077215533745,90.05614828145997,1.0
27,0.004148859784394432,1.4268805627581927e-05,101,0.5121086045327933,0.6604632515337905,0.09450705803440296,0.9107173660029684,0.6799112539007186,0.5810248112309546,34.18297798449792,83.34379535042962,1.0
28,0.0009226234584675208,0.007093943937252128,116,0.14237142443265227,0.4131933730136169,0.9447519584462217,0.6181309596938647,0.7061114581247842,0.15852933996206475,54.43324673170834,95.79050674736784,1.0
29,0.005243455967651972,0.006961604635169689,133,0.8948163694820769,0.1881203420666041,0.28759026609376726,0.6174291814706733,0.8359394536871053,0.2821105259484018,57.00215512105197,90.41466970157187,1.0
30,0.009554683230029259,0.006829138543754176,107,0.9819213344991385,0.8481110847927462,0.45367552433034086,0.28208035261649933,0.289296782121669,0.5748679882655113,55.44902600556747,34.91384407854876,1.0
31,0.0005312869067295756,0.0030885268486379714,132,0.6861280982539943,0.3736241513005276,0.9190259320127302,0.9761408542540218,0.5657842323199487,0.02417213387886652,84.91888997720208,33.73467262413722,-1.0
32,0.00592594687323373,0.002351204072574643,134,0.09207755150321106,0.29468381021917145,0.2763770779625714,0.655710305074745,0.9248095983130145,0.1460811159614328,78.85941965246622,53.066999714123995,-1.0
33,0.009649709995361268,0.00945048223792794,136,0.7409964745099502,0.4216213646357093,0.8285502414658533,0.8794713356705036,0.08978791912747408,0.9048154265090204,32.359021516254806,47.62193573392462,1.0
34,0.008484008808376887,0.004723239962884023,143,0.8028860336216209,0.21579647639982502,0.5953699776745057,0.846164976882142,0.6736778814943405,0.6786984497519712,90.60977341778377,29.73818424342919,1.0
35,0.008414767148983973,0.0013111064234791392,120,0.8237461300908712,0.860111583341083,0.8748236220725406,0.7629683361938755,0.40877424400023044,0.38246965850718473,8.632403285324363,90.38694014974963,-1.0
36,0.003087336572978354,0.004629963941544171,107,0.7221971636246888,0.20401413534836,0.9687003004099622,0.26395301289062223,0.3767452914167697,0.14394779544871183,11.800403046840813,23.092999092299404,-1.0
37,0.007418472006834668,0.004858252287088967,113,0.22289144097796476,0.0642943970848997,0.3391104278713274,0.5841915345394822,0.19384016342674615,0.4258584839435495,47.96918279643554,77.98576939210153,-1.0
38,0.0013687611879745088,0.0034353652970435834,119,0.05130134669245734,0.7390696321837245,0.6087195556550213,0.38533283256502393,0.7551719765732258,0.5153763917271207,97.75407294012463,18.68297754428757,1.0
39,0.00324426169672443,0.0030041890431803976,102,0.4915166406487732,0.761511218550976,0.3250938311304269,0.724778923516339,0.5539837532258872,0.45163357149557015,23.24757249635515,99.6141644487305,1.0
40,0.0016550140046578744,0.00414901772573252,135,0.2827461718069658,0.3452668730846242,0.16110501350506035,0.9868935239201536,0.17393132921873022,0.38461349364884945,56.27876593224615,86.1717124587382,-1.0
41,0.004481206575027233,0.007749003758140171,103,0.8947035962579937,0.9973834006145134,0.5855658627361776,0.9332835662415399,0.3014329515328982,0.11459958332063136,36.552220302261,28.99979680881003,-1.0
42,0.007963907007825484,0.005223901280016119,102,0.10175594247871245,0.7792520919931823,0.7067209496362199,0.9509550098944594,0.4519591378925043,0.9980076441941258,87.5016422739885,20.667709604106587,-1.0
43,0.004606302961632769,0.007782136015438966,146,0.5561485778409028,0.004548788666960402,0.32194419138308483,0.8805841060788894,0.001446843351889493,0.6795745656879658,26.53825991533072,36.84302367175325,-1.0
44,0.008872889518527348,0.006749187698667876,140,0.6165501453108307,0.279928187494378,0.8851927987878044,0.27993195216302025,0.8477437700621299,0.5994508512678175,33.504904496839124,16.649480025757533,-1.0
45,0.008004790489984636,0.009391113537321853,112,0.3505630665853018,0.969278887329091,0.320193549478649,0.043037381766410476,0.6616325236503104,0.3753696287683469,28.972957294265854,17.331769757810633,1.0
46,0.00040655809436685787,0.008756717248700833,117,0.7426779134370044,0.05452174036389146,0.5436903975043668,0.19862703466366627,0.01935261511890951,0.09685751796529396,53.264844052743776,69.4567457944675,-1.0
47,0.0027656307245113422,0.004757644994242443,141,0.6809757971170929,0.012995658201120364,0.6409182846103932,0.1274409387809008,0.29754110022601177,0.5919323437909261,51.57172090854767,7.066614791053283,1.0
48,0.007967609569319023,0.0071724223227523,130,0.8861938563573561,0.5966825165627259,0.27302973001906816,0.47274563992556784,0.41249802641900923,0.7772855722233277,59.032949528513015,71.29069041060201,-1.0
49,0.0014714757194169304,0.006587482589541454,113,0.6308213101319432,0.016448753231374513,0.40340784760303017,0.2830551397326718,0.9859713087717799,0.1728084964121811,17.6819775883449,48.44484371899883,-1.0
50,0.0006925207000983547,0.0035707062835287893,122,0.08378587007198324,0.526152908756173,0.6403336594121625,0.6237081398223616,0.34958949190216393,0.7436577216825497,97.07552828625876,82.70832493299815,-1.0
51,0.008128295501637062,0.004277048330275506,142,0.38173460826591166,0.8182954760580945,0.7537599968630195,0.47636193280353734,0.3230631044324299,0.11325132867814247,45.58986281319769,25.907498142372198,-1.0
52,0.005998544375434464,0.007281612831471338,100,0.2839720705188804,0.3996656833159823,0.8699038708348792,0.9838457373832425,0.2804580683783783,0.32010545094063514,16.026289091184008,4.583441763124951,-1.0
53,0.008212276083065595,0.007605151199802831,149,0.11999873910905323,0.5028709299268486,0.6457862348056433,0.7788264097399832,0.8453437967411624,0.767875812100465,23.438938442541346,48.83621162838887,-1.0
54,7.143275278998496e-05,0.004202568336725351,128,0.9550215718185227,0.2658968733287944,0.6804152248926199,0.621997720915708,0.014427427627251244,0.4897466981182761,49.8518343030414,17.263531338180048,1.0
55,0.004631362180381473,0.0005549950311272267,109,0.7908316312385734,0.1639561141032786,0.7085426553619845,0.30272720113627416,0.24690575622264177,0.41279699174472806,45.43923586816116,44.1070533650952,1.0
56,0.005414421320952196,0.006077707514438671,140,0.8859029397238743,0.5126331852355015,0.544282972846387,0.01102406440667203,0.7515696041200218,0.7086520145143741,80.94959323373665,92.13033533492438,-1.0
57,0.008284531949961253,0.009418092681914484,103,0.1258081649512035,0.7826966361181696,0.22478608789547927,0.24859103908957225,0.17448627965760188,0.41182877077596114,95.72865138508293,48.7042489966802,-1.0
58,0.0012814785400273288,0.0023043067441021947,120,0.8875867114180028,0.1450611685926937,0.9598545401584107,0.39062592032788546,0.9259713332624632,0.18125066049166394,85.09898004970961,62.02031524844649,-1.0
59,0.006591583970705609,0.0013247398881674854,128,0.11741592031190518,0.25138846512509094,0.23937555581066683,0.5069343587511314,0.1510743303851485,0.11331674378452927,10.171016148698442,7.286362951885272,-1.0
60,0.0022407863694631934,0.005748625875891491,112,0.5149484434653838,0.9501103473912675,0.6700084852838935,0.34239269049231214,0.698768972160042,0.22724683004489366,60.50882349810539,68.16604221413469,-1.0
61,0.0016952372356620914,0.007822301513237782,144,0.8605991793014343,0.3246259754029557,0.29981019773692996,0.8928391661611855,0.5796525000456851,0.12261668045744278,65.16368936895707,48.39185691413008,1.0
62,0.008569756261117601,0.00033674204502848193,134,0.037259982082638365,0.595707862231175,0.42066138066472325,0.10007429673849111,0.066237157043883,0.5641612201126035,59.26753853979867,66.3087930018741,-1.0
63,0.005326448049436736,0.007969513574435644,108,0.5747620737856707,0.24153774213650236,0.11174129724920057,0.21436803184431397,0.07259752256306184,0.11127661429054148,70.3525381836915,14.395477515697175,-1.0
64,0.009751396811571156,0.0027425859319442124,107,0.6035606605058776,0.9815943038036804,0.44842646701736644,0.16565953333297356,0.31439714892910897,0.4351626714219352,47.60363258043229,33.111517598496356,1.0
65,0.0016910106336538333,0.008767009301816352,103,0.14438695164008508,0.31480237343115114,0.19411455859903326,0.1348851586024038,0.1478035534853832,0.9412713561040276,48.3534932647106,39.34094720318494,-1.0
66,0.009091824637608487,0.0019753288946715688,128,0.84793355090983,0.1591748886167792,0.34870825347168366,0.45561123994820574,0.7529439929065243,0.7871743134269691,7.288126498836678,78.9952481701463,-1.0
67,0.004415297427026398,0.007192321416923365,109,0.12876879593442425,0.1720218577597723,0.6957236480763114,0.8919458386998922,0.5326576921296512,0.16599468796791828,52.196617968295364,87.46663834568011,1.0
68,0.008453451587639734,0.0016827530536724434,127,0.7696975504706574,0.12743003149142296,0.6122245715933303,0.4524112089428872,0.829601609900581,0.24296069863979963,4.317928856524789,9.641276554418255,-1.0
69,0.00664968962904761,0.008078354592960696,140,0.09112458439746474,0.6269571277929371,0.6771113773978622,0.010073150365784711,0.383062617202216,0.3461001288007063,12.609748416663935,87.0167440375743,1.0
70,0.005497141208007274,0.0016471665877901287,143,0.7668301773539266,0.7563464346552121,0.09436335770060333,0.8208719412798001,0.8268686758861697,0.2503862136063315,50.68045183089451,75.05807097585564,1.0
71,0.0003552880483036336,0.0028153381784849375,105,0.4331029005801712,0.9166002985176446,0.7115704835917247,0.9020858148595838,0.5800857205036535,0.3687647356063217,7.719816563690207,74.61590418158296,-1.0
72,0.008078708464535516,0.00044766260845139017,116,0.15087528887221524,0.4415215527114733,0.6823014385716485,0.39547829476792595,0.5714494933425736,0.6613900880562642,7.752185271693735,91.034746833786,1.0
73,8.216505039312039e-05,0.0036161664771205727,120,0.36928715524795175,0.5461860254806569,0.2928892254235115,0.6623032354886073,0.5078589362720467,0.5931091078879319,51.215359277889974,95.9386385125486,-1.0
74,0.0006362228569855189,0.001494863033242304,119,0.19326226185280793,0.14712289159537684,0.28900142944750984,0.7458163553762419,0.1493120291031398,0.48079283926544214,63.50823684254674,60.16301942876322,-1.0
75,0.00023190368099362146,0.005247198367686319,120,0.9833583349518396,0.30212617741699477,0.5317185496879285,0.008191193664421781,0.7972675650511827,0.5544799510233699,16.672768720943854,63.208381563254214,-1.0
76,0.006966959021894129,0.0042705349301372765,122,0.499701890598532,0.9162683518991026,0.07887881747659697,0.8488695701530471,0.7102182814841858,0.9147261171846323,75.3926832541301,61.037785069951326,-1.0
77,0.0013457045864468764,0.0033135721096240567,137,0.30265186373425323,0.3665960202936841,0.6819303386197555,0.5034878749324865,0.7904034316942908,0.3584731217061923,68.92759928356469,88.4160071622694,-1.0
78,0.0059034585430633515,0.009406613933963881,115,0.5631551261598782,0.06806237511147828,0.43560029281109736,0.35611098108833694,0.3260576712009855,0.9433762026242679,69.67114701291703,64.2648034591208,1.0
79,0.009925577191726402,0.002416029166538498,117,0.02337713352988191,0.6327585848055395,0.5064302711763551,0.5074969218332225,0.37853879740170626,0.3276879610361517,52.753381244166675,45.53797673085253,-1.0
80,0.00010579906938345762,0.008306403259938047,119,0.37088131043453965,0.07950122627640199,0.23094134353994455,0.9491407209696462,0.7325543619727699,0.48101808953997016,71.27666984926302,82.80527609267975,1.0
81,0.009266129377700567,0.004586034797679693,107,0.28663773852977303,0.6934564269024357,0.597522558534395,0.8386316975216097,0.36994896613864514,0.2821138001661806,72.8463684360237,10.014740616481788,-1.0
82,0.007714423445636822,0.008661990340843912,131,0.7596066424743626,0.5053961410910018,0.47724031420124646,0.4602041818852469,0.8308903476943613,0.8944763151734073,25.630250947764356,61.38045061167683,1.0
83,0.006096147983345592,0.008726271831441871,120,0.22076415249817294,0.8394960408794238,0.8590046727457588,0.694306259617087,0.527920163256209,0.17466442367907453,56.73340113991863,91.75776971906528,-1.0
84,0.00023903026142330864,0.0027159522025956384,145,0.20769301625017422,0.756915549855531,0.9313027283347337,0.8541891842905377,0.5261147389800988,0.7541610981978155,98.33443405762318,89.58213325001097,1.0
85,0.0027721958269429523,0.0012063242830615817,141,0.15322397735517201,0.9348531337494407,0.8991306303763,0.304514550187832,0.5737805287091385,0.9590470888417583,60.58215609886955,71.94257953692701,1.0
86,0.009107134542882383,0.0003043926666562313,111,0.7733707820220617,0.5012397610345267,0.2234067660260578,0.15012358944005033,0.9492630720195097,0.8759095374562,84.86972812514946,14.629567066295335,1.0
87,0.006725610295221127,0.000713396872572073,112,0.4341712953397008,0.5729757482289255,0.04369706822401709,0.5800303670278775,0.6455413706850983,0.7168613424269492,31.279032947885234,2.5023279602721216,-1.0
88,0.0036078049378522113,0.004180995426775659,139,0.6611143269557697,0.5578826622960539,0.6162662005092481,0.5625036767909012,0.6075022342210512,0.6196610218523517,62.399659523615625,91.93255925330193,1.0
89,0.0018140428905736694,0.005210141032821763,127,0.6958171758510772,0.08768104714415303,0.09229459133747431,0.1739696260985253,0.28613278123426455,0.9279132574118,0.4766770503452311,12.627482348596997,1.0
90,0.005349917609279157,0.0031704388193619613,100,0.417169647054938,0.753482195998536,0.46701776076054125,0.6136571570174527,0.9684195894946298,0.10043354619836331,20.010174812636137,77.92562599535293,1.0
91,0.007370880595522908,0.001602024106191695,131,0.4383519880101734,0.9706642786602583,0.1925017622647177,0.2813818881786606,0.9190990955305373,0.7180205344961031,36.99385315580067,19.804399455457787,-1.0
92,0.0019250821895985537,0.0035451101804560604,119,0.5339848144702273,0.3109529311206326,0.13055396053441048,0.07096416103342462,0.1699576622363479,0.9155953273535647,37.23778252288214,25.629944672062443,-1.0
93,0.0037837613343141927,0.0020628585650065436,139,0.8920842569859896,0.42221953221764086,0.421067673887325,0.8697386648303876,0.8466174112624649,0.9664677634738621,25.04648401363244,56.58405668191108,-1.0
94,0.009187092051422681,0.008280935695469475,137,0.5461857205227137,0.6413741755146266,0.5422659613883335,0.2733804130085338,0.5144225030479672,0.8932540847952765,67.03993585811402,24.936220774480923,1.0
95,0.001068767442566414,0.00369485915660384,146,0.856008163305957,0.2094386858409515,0.9479783656821203,0.39770195912438977,0.48713023325960736,0.7978742755003686,54.9904262271592,2.9784766274686847,-1.0
96,0.0023267109563197374,0.004510786029505425,134,0.8738005394984175,0.5737316876578287,0.396970432522318,0.23967044966390638,0.27937095792844646,0.4801187767420928,97.24085803308827,10.250203132269853,1.0
97,0.0027631718621079337,0.0050180689111842345,145,0.3664444290353108,0.33524513704607994,0.2383576322474572,0.7646269709210913,0.6672114937106414,0.9326623717682092,55.891304088476026,99.7038501581739,-1.0
98,0.009226031530779569,0.003825111389298338,114,0.9817807971796761,0.9470798440491606,0.746803804374698,0.4533108029111429,0.18264485275350673,0.23530681026737355,32.18443366486616,28.71254341466973,1.0
99,0.006501283286286327,0.005956211130203741,116,0.5456033451734837,0.346368737804462,0.8868640123009802,0.6355930974373987,0.10688332464468109,0.4998310428379079,73.83459336540638,46.5722949548321,1.0
100,0.007519535611422076,0.0006166533016986864,102,0.9738784965204611,0.016340966030428117,0.7662322588415134,0.8047833131183926,0.8394019326707896,0.911021006511031,26.657028620608525,57.286296773550696,-1.0
101,0.007448236736818096,0.009462759271724278,143,0.04892525345080967,0.4866069035568139,0.48230868615368605,0.6672537909396858,0.0733483904858232,0.6615952789459929,82.7081947807465,66.91611195823589,-1.0
102,0.006035595516954865,0.0028757994211990024,107,0.5869911090998863,0.006547823630988492,0.514628146208364,0.2131347254686332,0.25290037251035147,0.7077437756581832,24.009043277477172,66.78109701442216,-1.0
103,0.006723692184292865,0.007120487867813948,127,0.18749488339901277,0.08620462266447049,0.22589903202453654,0.3426861711746627,0.376954142401409,0.7609419193512585,92.98814268520012,19.71370287323275,-1.0
104,0.0065645028653860205,0.0014693031569354353,125,0.24980233152041786,0.18287683245878328,0.1926502608711379,0.07921365267629221,0.18339761550779632,0.7125261829193771,65.17737772309705,49.95798066364435,-1.0
105,0.009734755682697008,0.009553834518208789,140,0.1242837023325819,0.12945902517985908,0.05047495128357171,0.5543427267032722,0.5041746926584788,0.3741764648738086,66.33482919742058,13.77223520665406,-1.0
106,0.004246255327956413,0.005936373294088721,119,0.3713921444704441,0.1287374213663649,0.3473212110444034,0.538671238678384,0.060839187594823874,0.3228654248183054,23.28475094412411,34.76205174123508,-1.0
107,0.00039628573866894336,0.009886343345619386,107,0.7734218755622184,0.40278279364505254,0.416460894010966,0.14157273828914363,0.5246234898698036,0.30942271067573746,83.96027193421902,38.433054785339934,-1.0
108,0.008187449926232987,0.006365023424296673,119,0.11682512398539147,0.651349835384216,0.06559515224069001,0.1280916076168882,0.3278492719315099,0.6618304145275926,33.74263718254515,74.16183994652346,-1.0
109,0.007610847442216859,0.0018802992858258617,102,0.7881840479602114,0.3596538363295304,0.8002429082625261,0.4862197523125813,0.046712573357509446,0.60698682746826,13.87263578968958,31.998870679321335,1.0
110,0.003076545900928516,0.0024639364428572087,115,0.006134609194110796,0.6501680066208771,0.9053206191921288,0.05152654899858822,0.34770308310752907,0.01685708613009862,55.08172821744919,34.63686299424268,-1.0
111,0.005960491201251504,0.0009190485216377231,131,0.7539899200282395,0.889291198972078,0.5772968511896615,0.10428671754079288,0.9409366710119899,0.4073848094838931,59.792886678444304,60.150952865702266,-1.0
112,0.008956099852149419,0.004622759421307276,102,0.7131514327645346,0.5968448368487775,0.6213572327470686,0.3286999958973946,0.3359261783683438,0.01153922610271585,14.12984648961162,13.342450254993787,-1.0
113,0.004448123649543787,0.0010471130357324375,149,0.3430842951637999,0.2438339336397395,0.8666496178362267,0.26972394662986043,0.24835926384397944,0.3599378911461144,78.42751122699121,41.736505462217075,-1.0
114,0.006849040370601138,0.008168939943424481,126,0.06487459371370596,0.8193036293395508,0.18411819647908334,0.31232598713896587,0.2811141873234386,0.9749566352840313,14.914431293344855,7.640729542111179,-1.0
115,0.006295501714623319,0.0024202260746413284,115,0.5603038811963816,0.28789622736601017,0.8762755599876352,0.28240042129182386,0.839187106417934,0.038130520109800226,41.89114461551328,84.2137700775497,-1.0
116,0.007854207215855096,0.0014567943338343393,141,0.12464981684294196,0.28836149745727535,0.5686038388372938,0.863510421383985,0.2168948854489945,0.16094814478023423,20.511454434532737,99.50251258780823,1.0
117,0.008272763289795971,0.005807053706118857,106,0.7577834972058457,0.21579062359028767,0.7941216758494806,0.6533000870238859,0.9741462737732515,0.15878506880979237,2.086995991087426,59.354221202725185,-1.0
118,0.002893728115784362,0.0051324339984373905,116,0.05210268620306746,0.38004774521617846,0.14843409345316982,0.05538559527144071,0.32428645808728407,0.04772728597322751,69.91248890263823,53.227254673844094,-1.0
119,0.00628851403064647,0.002585894985926458,146,0.33580987413345964,0.6970396153973525,0.6139588222854332,0.08586695240530973,0.4542393768352143,0.5150688627777102,25.916584118219944,31.644711744079622,1.0
120,0.00846906560459974,0.0042125370859927335,111,0.5560008010366342,0.47271062769945116,0.08635171737881264,0.6918948683012132,0.9905512859718085,0.38928020740153957,55.38703027888789,89.53465290325701,1.0
121,0.008923374572552321,0.008354685611475348,136,0.9760744478129421,0.8441217757745803,0.5168078751607,0.37525697295673477,0.9798000112828724,0.8504863572172711,41.973420775343996,34.4832499896749,-1.0
122,0.000993475141596306,0.006462541094487922,104,0.12815207879207402,0.2483946590231697,0.9687008861600426,0.38641095441336903,0.31633158456334654,0.016139313289963986,40.037585456002276,99.93294450700868,1.0
123,0.0031049456649574246,0.007540531969831748,126,0.41936396242579976,0.07152340087545239,0.07686306509400709,0.9563238155682923,0.5843500498746603,0.44608487638520045,26.64846814950601,17.13791489501445,-1.0
124,0.005426316574477314,0.00457598874651717,132,0.7581419631248791,0.768173826958463,0.157836649275634,0.9380274537832947,0.03935344066636981,0.6485816947897555,89.28666749942002,12.54680866795439,-1.0
125,0.00895366784537062,0.0005725355980016766,110,0.2924246735578867,0.9053554186477544,0.5989522818235765,0.7312204475295214,0.7437099123274765,0.6744981557674551,83.94367542099897,62.5254904032277,-1.0
126,0.005573176258679793,0.003279110992966764,116,0.5524840723759766,0.22361363838899728,0.5534621438451298,0.4336547466430306,0.8018541916168369,0.1327768886655576,95.79625752604859,31.77752523104158,-1.0
127,0.00035273336313462744,0.007535185187029177,127,0.6214940224110312,0.6725694086830638,0.2824887970668529,0.7817945399114032,0.8890806310635632,0.6621395094751725,85.56596144186238,8.749165148545035,-1.0
128,0.005617406560688765,0.008941453369562155,129,0.7175486678660921,0.9713436153413455,0.04986428420293476,0.8304748904230027,0.9684537923342347,0.46037048832058713,78.23405096722095,32.71719754315669,1.0
129,0.005982612275718308,0.0033703427943026797,107,0.9136436609225421,0.41327638137847256,0.3903670219773747,0.3523090852345161,0.6065614049987993,0.1697224874286294,46.05782652079316,79.70584305855577,-1.0
130,0.009852196553795467,0.001157140506093054,120,0.43182565041758625,0.023452630466496593,0.13461946739105524,0.9908410943274397,0.5010371307327933,0.5147695917275097,63.49029733360152,45.8245426499851,-1.0
131,0.0005260174257878858,0.00732621909452081,149,0.41749899699721704,0.17714865748372033,0.3013944524170086,0.0446718631029549,0.06452373096180386,0.05895167853430572,29.260056092097898,75.54238582468939,-1.0
132,0.0037087489928948423,0.003614650786285366,116,0.12016828010372338,0.8158457723813051,0.7030869047715557,0.7797189778221404,0.9512319427486563,0.9806421220801341,46.582609010973265,24.46479864032012,-1.0
133,0.008765321564895722,0.003272936465153866,139,0.021813159702834595,0.12905764891534555,0.15119226170099354,0.015104441177240968,0.6843892521911755,0.292087068288187,39.21013226640979,79.59579138834701,-1.0
134,0.00888988596884109,0.006439879792316223,110,0.6643646079481696,0.567185022500898,0.9225639021633885,0.4876528511959981,0.4382284698358888,0.420576572251095,5.862386401415898,32.22380178419001,-1.0
135,0.003290495438867621,0.0005953265441246691,123,0.42902896886769204,0.8075820379343014,0.30697588667948983,0.5639783241881404,0.18481842394818826,0.9771636726780322,72.73907992093898,61.26663664927284,-1.0
136,0.002451093526405581,0.009684132012168495,125,0.23812627472040682,0.20661949352755438,0.8065569229204904,0.85335620887055,0.9458959147028034,0.6827286636290849,43.94692545582942,15.571641847511975,1.0
137,0.00405267640233955,0.001600334614453278,129,0.5136828203857491,0.10665326299813838,0.9018501863482434,0.7384805181715461,0.47419516295232766,0.02096494757176004,4.759473385437429,40.10711893180277,-1.0
138,0.002980132492008535,0.008995757788613248,135,0.6890782878350389,0.9350120957823406,0.5153256322667542,0.5394887630638048,0.7363808755099013,0.8688621198147831,68.82981130083796,26.786407468479467,-1.0
139,0.0016497671550850213,0.007778600665672814,139,0.8114240831267847,0.8812086071601255,0.6286919179828943,0.08716970299376436,0.09161203531234718,0.871021355675676,90.20586701743085,61.9505328778598,1.0
140,0.0013486463139689687,0.009613937134379236,135,0.07295092204543419,0.42403433932791357,0.8809430529015219,0.40057887672633685,0.06827704775869337,0.10736771281837632,45.523967110372375,75.47073805063674,-1.0
141,0.005302053860915623,0.0004316993559752147,140,0.9029401316108197,0.8413637334023526,0.11434314615882246,0.9137031761510332,0.4063667096836294,0.46373931460314466,29.967618454605727,89.39624146462238,-1.0
142,0.009309546777401997,0.003582255444591219,144,0.5937920111450316,0.6544182517243864,0.8190296420990516,0.24340102901581906,0.5326396879345918,0.5782682228547201,36.74880928457559,0.5268696430489217,1.0
143,0.007314212789001066,0.005237080147997484,116,0.2660115260401821,0.2652323883663885,0.41505913051850574,0.12053280764472851,0.4238106475905612,0.11204267317848382,97.85481359387734,49.60824144063681,-1.0
144,0.0009258180314495723,0.0010605921802055863,141,0.0667116608919971,0.9019304278461209,0.31741159190257273,0.40034530083679054,0.19034193478322436,0.9973705051205037,90.35926690298103,10.903227274256578,-1.0
145,0.0014922495069108676,0.0016120000921684696,125,0.28898866046927885,0.9925015745753919,0.6898771311769498,0.9314243670271508,0.9320283320529191,0.28692938709525595,19.99055091950592,48.37186092161879,1.0
146,0.0005275579312450329,0.00047013165032900206,112,0.006827616746419962,0.7991233714797451,0.14499885383899558,0.9917298168855653,0.5101882803277329,0.6769619006031629,89.5416051085589,9.202912533457619,-1.0
147,0.009484282960587186,0.0009129178998961429,108,0.5258011702210748,0.04202127469949257,0.866466391782695,0.3398990618516745,0.5922424414123219,0.29904173854006777,53.84887406456191,75.81102132778534,-1.0
148,0.0050835167588838956,0.0011862982037357617,138,0.6631899274414362,0.7024578005235615,0.2153479418034827,0.034426586049875696,0.23570005439991415,0.24933643106802872,39.04105019818678,44.53222436841134,1.0
149,0.002147878512087106,0.007630720727810838,131,0.6996162092731862,0.6959308411732209,0.7472104442499801,0.5162541879908846,0.773135481029694,0.28623072744337064,93.37445566391465,53.70340060729926,-1.0
150,0.009381348210283491,0.004697126947232173,103,0.6781657600983213,0.767579475750658,0.21294715355484672,0.5779739765828313,0.2711372582017857,0.7538010280532212,69.00206618218459,67.2962985237889,-1.0
151,5.6419539189979106e-05,0.00999208301397325,129,0.3801054048825345,0.9577118476177687,0.38194781590810567,0.2807080702067031,0.7534174586984044,0.1887843932951756,89.72496913853463,34.145933730187025,-1.0
152,0.00047773212685935817,0.0038944790403053664,102,0.4827942648706728,0.2678199052172261,0.7248553768762375,0.38980773372473576,0.08510424592574117,0.627722066473482,54.7177166734512,21.35973025643423,1.0
153,0.005390567006816359,0.008917334375542192,119,0.992848235333601,0.2795208480692082,0.6092355086316671,0.09994812380857632,0.4600591945312169,0.4627585454812958,33.28063065304197,82.18503457322515,-1.0
154,0.008231121116605417,0.006093866410446241,128,0.4407473892841043,0.6977380396260929,0.7158790069207812,0.19664706661708742,0.5597192612477637,0.9923364589556602,96.37206652475668,32.79272456631216,1.0
155,0.003986022909758656,0.008344787191622668,132,0.7981392895724858,0.3166493765469731,0.015680846739209886,0.7166295174162551,0.3496595758008425,0.4852308475098478,76.17042255729865,53.76210021353056,-1.0
156,0.008690583863056699,0.008719049073459854,107,0.035267505691019774,0.5780517487402395,0.28212563129991153,0.46008594827436544,0.49560020953689987,0.9199843858577611,69.2591095940477,36.63858817316549,-1.0
157,0.007176364354133487,0.0009778734397791733,102,0.5919866420814975,0.729564782933777,0.8732716265114738,0.9303880146905534,0.9678089609840016,0.39459323412857195,35.33870868897252,20.623836578307163,-1.0
158,0.0029857942813439897,0.00485922055987473,128,0.26098443864982046,0.8207240566538416,0.7808315445069727,0.8900243622293735,0.11702188346803155,0.726189108776108,50.14521645549051,5.578804452733433,-1.0
159,0.005050533672013412,0.008328734127375139,140,0.7739336539890788,0.8616513869045787,0.5770259477903532,0.19874483179906643,0.6315277187253676,0.6880664984651274,86.03218364017778,24.401480147596033,1.0
160,0.0023783677370292256,0.006645907555488578,139,0.7560108074168891,0.6731166233944514,0.6537243261827782,0.006087732525940415,0.9248347777302345,0.35134518544864424,63.37567412572401,50.589803667509,-1.0
161,0.003741998974615941,0.0077548255322635665,117,0.5541191574046237,0.8574512183871471,0.8020554289428725,0.15428481112293047,0.6021385455629833,0.05800305864375188,34.74187742106572,94.3827574803473,-1.0
162,0.001957743293224542,0.004766272933930272,128,0.22596199745034606,0.6650097293008245,0.5568738096697997,0.6474476913904255,0.38736446291615323,0.7182262840191999,84.89557630222,73.53567493742419,-1.0
163,0.0010355858036340683,0.0021199017413297784,135,0.7921084522507646,0.7747339239157679,0.47441610920077715,0.05642201103684863,0.03900130695213977,0.05075833576548516,11.834502348279974,46.235557264755315,1.0
164,0.009351746863442699,0.003160471105078284,143,0.12961697609010214,0.31386054022336884,0.3394415719189462,0.9286287237648883,0.3288220365479835,0.8150757888260508,65.10765314770858,9.538320462855642,-1.0
165,0.008929770040899983,0.005243030874856213,124,0.932754641433738,0.7745714091330528,0.6444479967228207,0.7028886589531882,0.655791701269461,0.2018142482158729,69.5803306335027,81.6432307343737,-1.0
166,0.00039033151475225346,0.007929816823338568,143,0.15468504116146442,0.4832793039496699,0.8720318561008248,0.4181973633782462,0.9348332330441149,0.015640564263490142,94.91989410664684,50.20502190489946,1.0
167,0.0005195689513248958,0.008269435283639895,115,0.8108181284362257,0.8595231813188717,0.11511786288737347,0.13422824643289832,0.7274274365845276,0.10703558887121922,2.872410726657515,20.8032020875753,-1.0
168,8.7991107002795e-05,0.006741113273466745,110,0.5199861667462341,0.10144658573257803,0.4316313272863225,0.5135479531582083,0.5139620543443456,0.29472758661267395,80.52614534659811,14.837454462744383,-1.0
169,0.0016571392474611746,0.0034287523812608013,114,0.2193506970008159,0.02444407255650105,0.881839352536164,0.452477016923196,0.17543958262141757,0.557710457781701,62.23003989945825,65.32039850357549,-1.0
170,0.009527513947953483,0.004862334731308532,136,0.16573269918657463,0.06112484896918213,0.11264999766368322,0.6694291531548798,0.1733541838953495,0.8904092248083115,44.45405299961216,78.51821529136149,-1.0
171,0.006574263851618577,0.007407350962614845,144,0.7000057072109345,0.700966106863056,0.07840493779042657,0.3098389148056865,0.2158147270532048,0.5696668076521477,12.286583154046749,62.008369265637285,-1.0
172,0.0010992797653721197,0.00838795758110978,123,0.44331553532328327,0.8809655993444943,0.40527789911967915,0.4522935923726946,0.44785134663452864,0.61192467144724,38.04824878662881,85.75341710362363,-1.0
173,0.009139199387225516,0.0015542065234940895,134,0.14628771708634258,0.1940054256356235,0.2619684306406991,0.32195615743606876,0.2583333219816275,0.14490611875226933,39.62838696484329,18.88582254484935,1.0
174,0.005462384288947734,0.0028350512318725918,106,0.6114064647827255,0.5280748626485113,0.6242383368929932,0.9340173059607101,0.9084129105975076,0.9650141235194668,34.44730126435934,52.497109237540286,-1.0
175,0.007406467308597892,0.00028270392857499324,125,0.12218615978128444,0.906849965933225,0.1100846891269599,0.7165289877107207,0.07461602559479752,0.8152854586850412,8.015703970301836,86.37609242808828,-1.0
176,0.00512547003441387,0.007928148553566388,121,0.6218412468024803,0.6079520691099102,0.8440818304739196,0.47928636775335953,0.9870292352083417,0.4634933117354746,65.12163020395401,31.274318014360524,-1.0
177,0.007347369077925267,0.0010818383143364097,121,0.373111687218034,0.6062071109875892,0.5411735730321674,0.3381837281870357,0.8185890270569093,0.5637875805212369,60.80953749047696,98.37173621529881,-1.0
178,0.008329401087337757,0.002378407301170733,109,0.0715082894697372,0.3012073055163592,0.5006002405349792,0.42480980401011714,0.7533247335016313,0.0721607940385457,60.28060253758591,40.626034952230384,-1.0
179,0.008077876312168311,0.004971288318624458,131,0.6333775576476117,0.5987129978522377,0.6323991488704291,0.07299593300608342,0.21713528438230467,0.033112145464516685,68.14452507902186,75.62619729336477,1.0
180,0.0016082576513729407,0.0073404067756700775,133,0.5260235392944337,0.053095374733952316,0.5194799179809185,0.9435476017245186,0.21302159268516807,0.11290829226161014,68.66540641369818,21.107646435327943,-1.0
181,0.00807912952139197,0.006989011499859489,131,0.321628439547507,0.9845160291807091,0.52655234115783,0.020865037787455853,0.3506614652192862,0.44531465268746595,2.092802950008188,31.688601060699874,-1.0
182,0.009648463390269616,0.002561444512059512,137,0.9431907720906343,0.820230146553005,0.07752611634036155,0.8869667193158984,0.383946931330858,0.5871867763288591,43.470590717361965,83.13253254825987,-1.0
183,0.0023576232699798172,0.0014723009181160007,122,0.06376179297746498,0.07348302264137518,0.1126216975789629,0.968340220229584,0.18178149945517996,0.46623064756071253,8.834538299015337,84.363453187999,-1.0
184,0.0053940620995065695,0.003994488223857156,142,0.21266735504798218,0.8277568902549101,0.08825940982098379,0.15715092956176535,0.1357703059859996,0.38559080930931244,5.9482403855224515,31.39169746116517,-1.0
185,0.0035666204871457343,0.004603046009318612,128,0.20392427142725378,0.22530374612449322,0.08782337108623073,0.4668188209329155,0.5652228364456425,0.19076283271274397,40.40353967081055,93.16999046762295,-1.0
186,0.0027454222792907355,4.260377665059822e-05,144,0.26039817337030535,0.7332158338725698,0.7676582953790296,0.07608788065503491,0.5748698686343,0.8100029989218276,94.90534006152022,4.06849295414673,1.0
187,0.0047175068885141214,0.0027588451650814648,120,0.5275801931939851,0.8605275368315042,0.6140989375783472,0.004449004922139177,0.07494462117463274,0.04599028845455333,19.59465329778056,44.82173933882759,1.0
188,0.0044978360892988815,0.009288751140115938,135,0.07604177754206787,0.051554111803584934,0.129130780357384,0.5262415739837915,0.9592663171539294,0.3687908681686892,27.240805793774182,95.33629199014531,-1.0
189,0.0017900540683472178,0.006374835780068096,109,0.8462628041807099,0.10896650021245236,0.788550118961811,0.2702420216466742,0.9726544230565062,0.38273775482898253,61.217042268165656,32.655581202541626,-1.0
190,0.006444148962624405,0.0028129318355663204,104,0.7149389043842415,0.6045686819412063,0.19513166750697186,0.1913349612719406,0.11424196562130884,0.08142195986157752,59.97132013755754,67.44406019819203,-1.0
191,0.0047088799672906825,0.009696116416313242,146,0.20724922792781297,0.26021303383182204,0.9266408780413781,0.7232378504722424,0.14555531425106127,0.602094803536178,85.66196031680934,88.75282659771227,-1.0
192,0.0034246012540114046,0.0071234518245218295,118,0.7397465219446973,0.021693332485383077,0.4639780937616538,0.07210956854352824,0.9877595900417397,0.23665715234434692,42.12347057025965,75.8368276912075,-1.0
193,0.008402191556813095,0.0036069110771696587,102,0.9556667056701709,0.04493148501815947,0.573320870198546,0.3603848150111142,0.4875891212304413,0.9908178895038042,97.34983016006511,53.37797889172178,1.0
194,0.009899141340532302,0.006258692404776313,130,0.1616640652236998,0.6399515992288863,0.765320782375411,0.23837560534630342,0.7038878971676905,0.4645400115870302,73.16165942156088,48.88617482183949,1.0
195,0.005009852705939224,0.007149075175062505,146,0.11437991354696708,0.9976753962378987,0.23833160293565736,0.5583156778645102,0.23372834677451038,0.8118734516924813,38.26478984637753,20.33812742384815,-1.0
196,0.004238299338665591,0.007123267228435931,138,0.43299825217623356,0.06895286602214801,0.2944192514014493,0.09858755001040043,0.8628863648316732,0.16934059223253128,9.11933534980298,32.449789736021685,-1.0
197,0.002748023833346028,0.009272083143456884,149,0.16502086717848308,0.5422593141263392,0.7083210056530832,0.8686867126882432,0.7270370945515338,0.9497964107302985,35.471552939647374,56.99827057106038,-1.0
198,0.0054196283793375944,0.0024164949358725565,146,0.8702951184827348,0.25704696953521433,0.2705750641957472,0.3729677260375357,0.6353934915697815,0.11749591676859072,67.05203042524396,71.07809644966267,1.0
199,0.004371966684315023,0.008950965406208952,122,0.3993793079283733,0.5689677944202608,0.9882588845684923,0.6599981196563448,0.6797380049917604,0.5837137793209084,76.91532532974004,57.22732690925042,1.0
200,0.00807055319072113,0.004844689520386633,111,0.650690510955678,0.7232735419434634,0.504889814582572,0.1944575518050794,0.10552859907570866,0.2544438060890841,51.21530162234041,61.17079810247098,1.0
201,0.0035170167674032993,0.003762474141022907,103,0.324754165204554,0.37063798214424326,0.028267750899326094,0.6235191500715457,0.1806812214845196,0.9210933453312404,70.25300417067545,84.55623865323072,-1.0
202,0.00981195357595743,0.0011221278513169953,113,0.8736028248447275,0.9060840259830719,0.10943953294142073,0.32006584975703944,0.8591518551679124,0.6214684122383807,25.187816813994857,85.90350176430188,-1.0
203,0.008890238955692091,0.008576088734266992,131,0.4173996702627796,0.9965497686577319,0.4140288848703729,0.7315195204184188,0.4008135759009336,0.15656742454356987,19.797169344974343,1.740404003833529,-1.0
204,0.002243884059372944,0.0034935873416797915,145,0.17517574510207345,0.8232914561104646,0.9796916595567357,0.872348364503973,0.7379238021122185,0.2807333708227704,79.66777756123288,23.074207264016177,-1.0
205,0.005695598867254332,0.008023927037402467,100,0.9089236092006353,0.5646632413176612,0.5070533796068769,0.08781333999576235,0.03816274806120601,0.9460305853038766,83.85336642358384,35.67405519161013,1.0
206,0.009504454053381364,0.00991808703583101,140,0.691922032936864,0.06009777996832577,0.41795731519947943,0.21849757677039738,0.7888566096611385,0.5259606037839204,35.28519156530896,86.9723556612597,-1.0
207,0.002812317068822252,0.0019236357434085072,138,0.8426360605488658,0.6831631885697419,0.6615472732680638,0.10825742300691366,0.445560207872715,0.40816283021362254,75.8866743251794,5.832984098559601,1.0
208,0.004877251526674882,0.005575639009340683,134,0.5784223532075059,0.5812318300987459,0.29429074302003755,0.17826552512750826,0.8736273592308313,0.7423988837955803,94.42944985088955,20.837272691897123,1.0
209,0.006567046803932749,0.0010759113231433649,106,0.1599346695101077,0.8473011176268594,0.56361955205945,0.27300580722710865,0.6342437175081801,0.4108597309406279,66.65841686282765,94.0537459721182,-1.0
210,0.006463560193551533,0.009213790806783381,102,0.529124790902717,0.607916175211191,0.002059127101327607,0.6225116133109092,0.6658805605415065,0.9623618748041626,84.23649131793944,48.82888894618716,-1.0
211,0.009152010678295413,0.009437739993000753,136,0.17008193297501506,0.6281281684791431,0.8260600105479754,0.07877345952765546,0.31663754296706015,0.0437581894700253,94.71324968197565,68.5733336229195,1.0
212,0.009223395975318838,0.009607778274826423,132,0.23835448801385672,0.7623727573915098,0.06813806077119133,0.46509875486666274,0.20890822345426308,0.06075377721270048,24.994518287175016,96.42581962697795,1.0
213,0.00048692537116349466,0.009160181907022662,118,0.02761896581849599,0.12442171438163774,0.6272235388293708,0.9215143105541382,0.8252370268889812,0.05354707634241063,56.72236808821952,32.233062543504765,1.0
214,0.002712128078921033,0.0032066573546615552,117,0.21113494876989336,0.40094805196078664,0.29768871723748813,0.03781724411926979,0.42056710114405416,0.9356747357682447,43.45365806870654,19.397081420272222,-1.0
215,0.004586142409479629,0.009552803950076348,101,0.87068287608061,0.00680272920066971,0.19269704199781723,0.7306243496000072,0.4956533531994365,0.5196550254321529,57.35309982805463,56.66738664350226,1.0
216,0.006050889026557299,0.003526932166520369,149,0.5559384842658522,0.03600575152466268,0.8330819158333874,0.3110547351257056,0.3250307783310894,0.7379526991741785,15.962959816681078,41.48215852814745,1.0
217,0.0037415764755276727,0.009049284888231673,141,0.37961859492772354,0.2981637713846692,0.14041786990549265,0.10708655166023517,0.41015489943619354,0.3938929860320377,26.629056771680805,89.55635781250957,-1.0
218,0.008223475682359706,0.0013753772023597588,148,0.16414111956721533,0.47933418890479296,0.302360365127165,0.25381923287257313,0.8804093693667119,0.4097172738926421,19.483911190651682,60.83571999723727,1.0
219,0.002486818661571686,0.003719452010692397,140,0.3418209865105958,0.26186508098891337,0.3089429859484998,0.7869384163573739,0.8459398809667891,0.7009726523813594,64.01423430792005,60.36912130955358,1.0
220,0.0021674199029017294,0.005634817527136177,122,0.6116855805023917,0.2443482622374108,0.9642514506237789,0.12286244495605425,0.4477396790462249,0.811085760969417,37.31035249357315,24.461281080907902,1.0
221,0.002236387599459807,0.005749244964469973,142,0.9720106734936198,0.24948886200137566,0.9741854184975937,0.19812272015384003,0.7437143987518975,0.21137759053734406,0.8258911760532395,20.468238302272436,-1.0
222,0.009360246214061882,0.00848675975533586,109,0.9885504436237137,0.16137214212158124,0.3976023036983347,0.7510686876724603,0.7701526479491283,0.057353397697482045,81.40746145258038,27.80006362321069,1.0
223,0.0009926346308256806,0.0020690479837042774,133,0.9499036926124411,0.0627348261951961,0.25545165131006087,0.9630736914356721,0.5687718878543824,0.5783363065968403,53.39767643871613,29.75252007623077,1.0
224,0.004127492422639994,0.006461275766592475,111,0.007424872246287517,0.09748426160087986,0.25550863016304437,0.4507504308563878,0.27116578551167836,0.13754550894512785,6.424213965721293,42.14587642275384,-1.0
225,0.003865663628348851,0.0025161236834020883,119,0.7071763689229903,0.2326501158337334,0.28486024411940825,0.5575193477487974,0.5235549043045,0.5244931409339563,99.23526277827247,40.17169615339192,1.0
226,0.0034465903712873804,0.002040135865297911,143,0.2756285131400009,0.6733224452248174,0.3439928732494555,0.43604254213945925,0.873707827576675,0.9199794248117661,33.35925646406933,57.298255477653925,-1.0
227,0.00861866719522683,0.006972517123433287,121,0.029499691506950643,0.540263108231369,0.8974414411081645,0.2350650970104433,0.6347515909044741,0.7677456365379156,35.856198436230436,23.604906443607877,1.0
228,0.004110291024059428,0.007004314282099708,144,0.40033891575361646,0.16135827524401958,0.32761488561553587,0.4770928715872217,0.8562667675889094,0.7032374589386872,38.17138248664668,90.02298938152161,1.0
229,0.005197293174787262,0.005262622111585703,129,0.9117356737439876,0.3603768533722307,0.7262128865944747,0.07979046218522878,0.05279959215953889,0.6894462822465891,14.270089180967261,13.107621683473347,1.0
230,0.003673556084639532,0.004882183585723071,114,0.29133951077893405,0.6945041492699467,0.572722365024215,0.1710071804887926,0.004395023144385668,0.23536391588897432,75.412840240022,18.76429031602581,-1.0
231,0.009855162416953693,0.00784464867312748,113,0.8554743018864132,0.22803283316713852,0.6229094879262163,0.36239927466593336,0.650432077749214,0.15314606484308713,13.087558467660298,24.339918942234938,-1.0
232,0.008277002926517436,0.0012437185142418173,100,0.12716593767253348,0.9600313488732287,0.6484651052823682,0.11168946201456742,0.8957309157519591,0.2561900917638782,88.26557321756763,94.02868728668861,1.0
233,0.00504273983084654,0.003669009404020627,128,0.4274403726711352,0.534991025181979,0.00455091691014109,0.8009768720882856,0.32083555401374275,0.4091608867577663,93.27172717005658,31.386362473788566,-1.0
234,0.0008890697072754417,0.003952770262363481,141,0.4569400134392083,0.8279523454395499,0.14435107381039436,0.203325269837897,0.3989388665773329,0.29129379093577845,90.5765771139982,6.3335479252845435,1.0
235,0.0007418767473225829,0.002340197144652474,111,0.42893015397473244,0.7570621004779364,0.5053696651247952,0.2671470053646996,0.43711794932041814,0.02911242359496724,48.18548732160779,55.215138644274866,-1.0
236,0.007987627112516094,0.00686217476243966,123,0.5227566470125251,0.0796884900271061,0.5033425405045981,0.6009444472642931,0.898412886427269,0.7156013493317807,44.93334629311233,97.84870694581095,1.0
237,0.0069854663834659336,0.0007935787693081364,149,0.5093304871275747,0.8555987576799239,0.07871352778026453,0.3647266379787554,0.7592367143564788,0.7182119976592485,75.41716392203868,47.749612667869926,-1.0
238,0.0016398227758722627,0.00021584144070867174,119,0.5311169616980763,0.39279101009545214,0.053502277670285814,0.02821567425209104,0.4958380739482442,0.4475276740537555,73.2668730988301,76.2513628948665,-1.0
239,0.0009751452691002915,0.0010121880242811643,146,0.025641567406815335,0.7012948458124767,0.13725930241136652,0.26482637152966226,0.34954931674539635,0.7871975546049762,11.22121166057245,32.237782839159564,-1.0
240,0.009601446916211,0.008939512634713341,141,0.3926001776450261,0.32334305398483765,0.259350025607766,0.8056725153673051,0.8401814143076656,0.2468441635631079,32.752972405605874,94.32607427734293,1.0
241,0.0020425397855343007,0.0025381295470761935,124,0.36977032841968493,0.41770215324117266,0.85280742357154,0.0807585433378647,0.38247350575391315,0.09948411382537115,85.35396276197899,30.056949986232638,-1.0
242,0.009608778491357932,0.005699976471255252,131,0.33576189651393207,0.2916861990833769,0.3231694721521686,0.28315976454382397,0.761289158303525,0.8322676036589062,98.81485090251563,7.253142629161669,-1.0
243,0.0036852329268971464,0.004665442914751065,103,0.46049912713580454,0.046626117131807754,0.33392777155867803,0.33918409626467927,0.9646844965817899,0.16241235753055205,33.40084101041345,20.12370195279154,-1.0
244,0.0027220994867786065,0.0058357727998939535,125,0.2257606243404282,0.4381310098420592,0.4731222156077822,0.591932664337802,0.657886222256461,0.15353434073380023,52.06958064247972,90.48589843940839,1.0
245,0.007252718223897827,0.005154482557382004,137,0.8847734447499042,0.42813101380464125,0.31710647569129236,0.14828756777950725,0.7569396276546719,0.7275602715151451,78.78624484800561,3.7268651838392786,-1.0
246,0.008206663345385308,0.0011321053506097756,111,0.5558928111900839,0.8935927554225107,0.8218401587083437,0.4293878307016683,0.018903387947957095,0.8995693109487923,24.839396523385957,77.76176461807702,1.0
247,0.006036529738579119,0.009896022973054645,102,0.8058238658027854,0.7122962876716166,0.10557069600305069,0.22415363652535147,0.03077430265290182,0.3954282328443324,28.01839449285127,81.8013437532449,-1.0
248,0.001490790498675565,0.004950360663957767,101,0.6194570963506738,0.5958819964049099,0.6943079268628145,0.9288859266441647,0.5482051538820658,0.0873424026778411,62.26149609004887,69.71933002317844,1.0
249,0.006301452844417437,0.0033752942021179912,108,0.190527510719408,0.13513839710181075,0.8841737977420491,0.09849565550049666,0.20393782307481478,0.22011922802054562,71.42232759501255,57.68435574760251,-1.0
250,0.009646173192524804,0.004854104076921218,111,0.05567899412110855,0.09381731787958925,0.886056288428722,0.4096628350624293,0.8434331503675438,0.5567014158568278,18.443855081637462,81.16794773656278,-1.0
251,0.004786986863177315,0.009026637044263727,140,0.6149815714009601,0.6084798505732958,0.4778689251304452,0.7870041392583274,0.21093826840577057,0.27162818000396494,56.374718037510476,72.16558403554068,-1.0
252,0.00015910411244439814,0.008688851589766611,122,0.03728547469320331,0.8383324238937717,0.9114162102431985,0.6038325633827822,0.380760291482682,0.6292026954170102,2.6220841411233042,18.15952279136238,-1.0
253,0.0012907340078775343,0.0037916841822639635,126,0.4415286000292866,0.5384391302389807,0.7492724196006146,0.7120514437574477,0.5057661955458913,0.6240181919049467,56.532202242284455,80.13296624771054,1.0
254,0.004884561704309821,0.004765586969156585,115,0.0735231428621912,0.8584834924852871,0.236728351117384,0.4820409825143295,0.882790927427197,0.9142606084465116,36.1358317123259,75.12741795631055,-1.0
255,0.0003940855816811795,0.0031710712739428616,114,0.08006695323800594,0.21100159205278013,0.02180493945770301,0.25440071758329885,0.26158712847345256,0.3273631294425241,0.1511099675997385,4.463858553245037,1.0
256,0.003567946903673459,0.009561793268639441,127,0.4651631539660921,0.4976491323394281,0.3036471665867787,0.281229227526394,0.4732681948934291,0.24095491043207073,68.85146423045822,98.73227326317688,1.0
257,0.009169853749785909,0.005843486341965979,137,0.5332231676697258,0.9360421664100501,0.7302145727942997,0.028798489937577165,0.9628691724999843,0.1884671494232958,31.574976014863022,33.61602477248594,-1.0
258,0.009333677049373143,0.008637124033444644,109,0.034973055885026305,0.6762221953481261,0.8943918767495078,0.6793440035035465,0.8840252978175708,0.4349181286231124,34.01363031645346,57.98610781579864,-1.0
259,0.0037572270111652594,0.001169668510556706,121,0.4297826482533301,0.8122388044415803,0.32388838942229914,0.6104734751486298,0.19550586690320282,0.42096659719934715,39.44772550239074,36.41449535724629,-1.0
260,0.006071375469001652,0.00323009439198225,132,0.6675118323277286,0.8126074216257043,0.5417384437641449,0.12347240625613731,0.8013858906750367,0.45836329358696737,76.72225554113061,0.18973234756359814,1.0
261,9.74250291163048e-05,0.009811793521245372,148,0.8635281512198559,0.7804017794972522,0.5319846741780118,0.678908650014658,0.898308505914091,0.13743488102392587,87.06563318269797,74.10685488215493,1.0
262,0.009692760954489992,0.0053680644577907555,113,0.13225543312715082,0.5372229665162267,0.19175547837605522,0.1237421339590784,0.9629059519252011,0.43127513676564755,95.6738274373778,84.11453632389609,-1.0
263,0.006181857022194579,0.006688668017610364,119,0.7732961489681285,0.7744038422684293,0.7181514544701928,0.1664091435663576,0.9279993160072034,0.12553013549648684,79.37186462826888,29.287427050949276,-1.0
264,0.009265387090440507,0.004675086780292777,128,0.9270613525529988,0.4159072470466396,0.6753047277544229,0.0266433046562915,0.8642786992656465,0.3882532276090651,78.07861871017779,59.7329264504272,-1.0
265,0.0058287817645462205,0.0022653965650377018,107,0.008965254270016931,0.7272382328463988,0.6279761343512013,0.5993438382352397,0.202552413990712,0.4544973072641876,34.94360606750847,80.99247722932508,-1.0
266,0.0024239824250503338,0.005221121947225905,130,0.2781635586490234,0.6556070633050348,0.0024496984470813166,0.7833033611279697,0.45533225162044133,0.2775847531664084,48.95218235376048,98.43371626813305,1.0
267,0.002292049514102351,0.00030252785430060825,148,0.048984657282198474,0.3553739562213377,0.39366871400149905,0.40795668992724876,0.15948858913945363,0.36634634865289784,72.16860842531223,87.98151662883528,-1.0
268,0.003684079594813471,0.0074994514413655265,113,0.6331576700659197,0.12605143716391543,0.6765212981123175,0.5594258363143861,0.9921126325164547,0.7487331493556036,90.13934184076285,58.49826517801958,-1.0
269,0.0027707018279551545,0.008627039384880807,124,0.3171345148124012,0.14504051453494504,0.8283996184919401,0.14709473145289942,0.5203825405420601,0.2443895823180514,89.26351362017584,59.74566886442341,-1.0
270,0.007025023847332037,0.006533191091480492,105,0.891071103014667,0.7743128931923868,0.23887428822858248,0.32921368237543813,0.5692979807944627,0.41456863796721866,51.14949705028182,99.50596286010455,-1.0
271,0.008924831409031365,0.0007381103074993956,125,0.6385069178386137,0.519936527164644,0.3981999848700384,0.3653902497672685,0.986448150373357,0.42242475663664447,69.60727199582722,69.06054585444906,-1.0
272,0.001787653995049835,0.009092702224593885,148,0.977604945397312,0.2585871617521439,0.9185050647016525,0.9929557574207217,0.6211465408352134,0.9768775223960608,98.83174422518913,62.90536124129754,1.0
273,0.009070373768197908,0.000782672558984896,127,0.7055165103930264,0.0862439806406129,0.9997794475306495,0.8150012336697997,0.714990949581411,0.2211014012951753,0.2843950876076473,67.62613666395542,-1.0
274,0.007742315525552212,0.00015432415436890666,110,0.621620995395762,0.19532737456421556,0.18366178438394531,0.053049921267601,0.21704276547050894,0.5281733089056,62.8805262370597,72.77565788338062,-1.0
275,0.0013523555336854597,0.001097605736937103,115,0.009413692056326584,0.9092084302455486,0.43720671239050246,0.7547920507548533,0.3010072302512701,0.6205531857735253,97.47138302606758,73.70686009490252,-1.0
276,0.002939955778183827,0.003882684206436099,131,0.2793510222388367,0.9902989899205702,0.36092371725682604,0.22111516846608226,0.7759341872132216,0.29266994515514544,99.44368588126534,78.79613488767025,-1.0
277,0.009108738642708617,0.004363978127729553,142,0.6798148892065596,0.670866589041977,0.5188865552417251,0.2511303912078212,0.6483892169060943,0.17422024403823622,97.99799450880548,43.524602112605,-1.0
278,0.0012384907739358953,0.0027234874715073363,122,0.6734242712672651,0.9923643328000614,0.06273827203682547,0.6268470597226955,0.49437969995700715,0.6509809377360122,24.621970639736958,55.12716446362492,-1.0
279,6.376828101282594e-05,0.00028049402896189625,124,0.22472340230088328,0.987639012758257,0.0780679100309487,0.7774557244315538,0.04831026258186677,0.9563574810883213,88.83634638086633,85.96399773385733,-1.0
280,0.004310683214564282,0.005121882681917762,140,0.32166324831763793,0.09426440997219876,0.9392624357128622,0.8008934972324439,0.3128302254238592,0.6456570727439568,66.99459836320698,40.358742730352404,-1.0
281,0.002499615832791,0.003798924166924592,105,0.9222485922290398,0.09727723944344413,0.9918373746098158,0.717050243472696,0.6605248133661042,0.030180848263785198,27.51735324415172,2.5133112608780594,-1.0
282,0.0010336897269153933,0.006588215617744619,147,0.47529221207371375,0.8340513248686634,0.036339664696037555,0.6285345554279439,0.4652240328787516,0.49041268690398887,41.74852382820756,50.322931946371256,-1.0
283,0.003926055704676572,0.0016152559947465906,123,0.27660584509331965,0.7202358797470098,0.19168209432003347,0.30507321883777727,0.8898543580755024,0.3649554634893015,98.20865307784337,56.750881629735076,1.0
284,0.004973936312862197,0.002083748397529398,116,0.6419038858885909,0.6910984765401362,0.9708678137769021,0.16679945178668965,0.5317809918243174,0.6382779059450736,57.857060810446534,46.57008450615039,1.0
285,0.0029212927796628597,0.0012417043286141781,138,0.1507170200396164,0.7029754714335572,0.6860934758554508,0.8054419671000201,0.7562556809873074,0.8179412577526916,1.4541948154796147,28.667249980122566,-1.0
286,0.0078073049116476724,0.00279315228275671,112,0.8396858886664004,0.14133906975989607,0.05909896850300689,0.08086326272899991,0.13310343703656657,0.19800605635351487,65.74369579143912,70.81781351009376,-1.0
287,0.009556766559053811,0.004054319108968561,107,0.9606832336961557,0.9517867210990099,0.7181771969072757,0.5378777801640924,0.706931286871719,0.5991719078154752,95.04692889596046,48.15866242489204,-1.0
288,0.0015519449168211253,0.007052129689934266,112,0.31887178827844587,0.9553527810202922,0.5596904894938685,0.18569154926415088,0.8602204324365076,0.7728337102270602,68.82908308608134,79.66464971852282,1.0
289,0.0073355814825866415,0.008813196460233808,133,0.9384439199561148,0.11655166467579448,0.756007588069522,0.9317637732944607,0.3954525807896583,0.42188972573013706,75.83717279037496,12.57482724914134,-1.0
290,0.0013151247592984173,0.00789885959077657,105,0.7440329692502485,0.9624509185962646,0.4710936444386088,0.3497144796386815,0.5112129243775171,0.6262231412912209,89.04772208697341,75.30585741010945,1.0
291,0.008597590874616505,0.0030451829519588325,122,0.8236070103414329,0.1327050714151815,0.5874182742357916,0.1764311561381443,0.7252056147477653,0.07059798577970544,66.94378381370026,14.40391349224952,-1.0
292,0.004544821816112139,0.006196419590419111,111,0.4079112005664849,0.5640055046094706,0.20721574350858352,0.39668228320890264,0.8267904947711223,0.25204934271262325,94.32597864418454,67.99317001866851,1.0
293,0.002455131433178379,0.008713559196315916,127,0.3713967502695277,0.38579822745161285,0.8274650315858454,0.5805907371940833,0.6991171030041251,0.29634247808316017,19.04339975897806,58.53884258571345,-1.0
294,0.006991942549110868,0.008566830458693317,106,0.09641090641879402,0.007103004071955965,0.9710598901126802,0.6509604010638306,0.08046625764854087,0.8063483063789941,14.821054867324325,5.4990556603296215,-1.0
295,0.004499150499185628,0.005189983629327564,138,0.3061495597775179,0.4234764338561591,0.4672832190846261,0.8347842883338458,0.7005845110090737,0.9662214035921262,71.1672280108057,73.72911121274353,-1.0
296,0.0019425444503011625,0.003140243815958631,146,0.5788017524272628,0.9553552319137072,0.9091800005591162,0.6664782615893132,0.7654274572450155,0.06005288927205743,51.536348559159336,14.973401216146343,-1.0
297,0.007295121595199208,0.0095900777816772,115,0.08946524395952693,0.34713457033560047,0.7948885720472733,0.7352613804031481,0.9432966926653978,0.755079830182131,32.69158442284803,10.474902448260382,-1.0
298,0.0015210286842093012,0.0005064352773320235,117,0.8701054982564199,0.8256887430410855,0.616941169022578,0.77841769330168,0.6023854709901585,0.48269579242490535,22.67440856381566,6.588016286784725,-1.0
299,0.0006745267411962508,0.004354717688219678,129,0.11194867763643801,0.6757974900178634,0.9798067017035851,0.4942363410491092,0.10100447432471926,0.045622633175599225,66.31850607431225,77.83575300321384,1.0
